{
  "Badge Text" : "",
  "Ansi 5 Color" : {
    "Red Component" : 0.69803921568627447,
    "Color Space" : "sRGB",
    "Blue Component" : 0.73333333333333328,
    "Green Component" : 0.58039215686274515
  },
  "Working Directory" : "\/Users\/alex",
  "Prompt Before Closing 2" : 0,
  "Selected Text Color" : {
    "Red Component" : 0.77254901960784317,
    "Color Space" : "sRGB",
    "Blue Component" : 0.77647058823529413,
    "Green Component" : 0.78431372549019607
  },
  "Rows" : 20,
  "Ansi 11 Color" : {
    "Red Component" : 0.94117647058823528,
    "Color Space" : "sRGB",
    "Blue Component" : 0.45490196078431372,
    "Green Component" : 0.77647058823529413
  },
  "Use Italic Font" : true,
  "Foreground Color" : {
    "Red Component" : 0.77254901960784317,
    "Color Space" : "sRGB",
    "Blue Component" : 0.77647058823529413,
    "Green Component" : 0.78431372549019607
  },
  "Right Option Key Sends" : 2,
  "Character Encoding" : 4,
  "Selection Color" : {
    "Red Component" : 0.21568627450980393,
    "Color Space" : "sRGB",
    "Blue Component" : 0.25490196078431371,
    "Green Component" : 0.23137254901960785
  },
  "Triggers" : [

  ],
  "Blend" : 0.30000001192092896,
  "Mouse Reporting" : true,
  "Ansi 4 Color" : {
    "Red Component" : 0.50588235294117645,
    "Color Space" : "sRGB",
    "Blue Component" : 0.74509803921568629,
    "Green Component" : 0.63529411764705879
  },
  "Non-ASCII Anti Aliased" : true,
  "Sync Title" : false,
  "Disable Window Resizing" : true,
  "Close Sessions On End" : true,
  "Scrollback With Status Bar" : true,
  "Jobs to Ignore" : [
    "rlogin",
    "ssh",
    "slogin",
    "telnet"
  ],
  "Scrollback Lines" : 0,
  "Scrollback in Alternate Screen" : true,
  "Hide After Opening" : false,
  "Flashing Bell" : false,
  "Cursor Guide Color" : {
    "Red Component" : 0.65000000000000002,
    "Color Space" : "Calibrated",
    "Blue Component" : 1,
    "Alpha Component" : 0.25,
    "Green Component" : 0.91000000000000003
  },
  "BM Growl" : false,
  "AWDS Window Directory" : "",
  "Ansi 3 Color" : {
    "Red Component" : 0.94117647058823528,
    "Color Space" : "sRGB",
    "Blue Component" : 0.45490196078431372,
    "Green Component" : 0.77647058823529413
  },
  "Link Color" : {
    "Red Component" : 0.023,
    "Color Space" : "Calibrated",
    "Blue Component" : 0.67800000000000005,
    "Alpha Component" : 1,
    "Green Component" : 0.27000000000000002
  },
  "Use Non-ASCII Font" : false,
  "Shortcut" : "",
  "Background Image Location" : "",
  "Bold Color" : {
    "Red Component" : 0.77254901960784317,
    "Color Space" : "sRGB",
    "Blue Component" : 0.77647058823529413,
    "Green Component" : 0.78431372549019607
  },
  "Unlimited Scrollback" : true,
  "Custom Command" : "No",
  "AWDS Tab Option" : "No",
  "Smart Selection Rules" : [
    {
      "notes" : "Word bounded by whitespace",
      "regex" : "\\S+",
      "precision" : "low"
    },
    {
      "notes" : "C++ namespace::identifier",
      "regex" : "([a-zA-Z0-9_]+::)+[a-zA-Z0-9_]+",
      "precision" : "normal"
    },
    {
      "notes" : "Paths",
      "regex" : "\\~?\/?([[:letter:][:number:]._-]+\/+)+[[:letter:][:number:]._-]+\/?",
      "precision" : "normal"
    },
    {
      "notes" : "Quoted string",
      "regex" : "@?\"(?:[^\"\\\\]|\\\\.)*\"",
      "precision" : "normal"
    },
    {
      "notes" : "Java\/Python include paths",
      "regex" : "([[:letter:][:number:]._]+\\.)+[[:letter:][:number:]._]+",
      "precision" : "normal"
    },
    {
      "notes" : "mailto URL",
      "regex" : "\\bmailto:([a-z0-9A-Z_]+@)?([a-zA-Z0-9\\-]+\\.)*[a-zA-Z0-9\\-]+\\b",
      "precision" : "normal"
    },
    {
      "notes" : "Obj-C selector",
      "regex" : "@selector\\([^)]+\\)",
      "precision" : "high"
    },
    {
      "notes" : "email address",
      "regex" : "\\b[A-Za-z0-9._%+-]+@[A-Za-z0-9.-]+\\.[A-Za-z]{2,4}\\b",
      "precision" : "high"
    },
    {
      "notes" : "HTTP URL",
      "regex" : "https?:\/\/([a-z0-9A-Z]+(:[a-zA-Z0-9]+)?@)?[a-z0-9A-Z]+(\\.[a-z0-9A-Z]+)*((:[0-9]+)?)(\/[a-zA-Z0-9;\/\\.\\-_+%~?&@=#\\(\\)]*)?",
      "precision" : "very_high"
    },
    {
      "notes" : "SSH URL",
      "regex" : "\\bssh:([a-z0-9A-Z_]+@)?([a-zA-Z0-9\\-]+\\.)*[a-zA-Z0-9\\-]+\\b",
      "precision" : "very_high"
    },
    {
      "notes" : "Telnet URL",
      "regex" : "\\btelnet:([a-z0-9A-Z_]+@)?([a-zA-Z0-9\\-]+\\.)*[a-zA-Z0-9\\-]+\\b",
      "precision" : "very_high"
    }
  ],
  "Keyboard Map" : {
    "0xf703-0x280000" : {
      "Text" : "f",
      "Action" : 10
    },
    "0x7b-0x120000" : {
      "Text" : "\\<C-a>p",
      "Action" : 38
    },
    "0xf702-0x220000" : {
      "Text" : "0",
      "Action" : 47
    },
    "0x7f-0x80000" : {
      "Text" : "d",
      "Action" : 10
    },
    "0x44-0x120000" : {
      "Text" : "\\<C-a>\"",
      "Action" : 38
    },
    "0x64-0x100000" : {
      "Text" : "\\<C-a>%",
      "Action" : 38
    },
    "0x74-0x100000" : {
      "Text" : "\\<C-a>c",
      "Action" : 38
    },
    "0xf702-0x2a0000" : {
      "Text" : "1",
      "Action" : 47
    },
    "0xf702-0x280000" : {
      "Text" : "b",
      "Action" : 10
    },
    "0x77-0x100000" : {
      "Text" : "\\<C-a>x",
      "Action" : 38
    },
    "0xf702-0x300000" : {
      "Text" : "a",
      "Action" : 10
    },
    "0xf703-0x320000" : {
      "Text" : "2",
      "Action" : 46
    },
    "0x7d-0x120000" : {
      "Text" : "\\<C-a>n",
      "Action" : 38
    },
    "0xf703-0x220000" : {
      "Text" : "0",
      "Action" : 46
    },
    "0xf703-0x2a0000" : {
      "Text" : "1",
      "Action" : 46
    },
    "0xf702-0x320000" : {
      "Text" : "2",
      "Action" : 47
    }
  },
  "Log Directory" : "",
  "Ansi 14 Color" : {
    "Red Component" : 0.54117647058823526,
    "Color Space" : "sRGB",
    "Blue Component" : 0.71764705882352942,
    "Green Component" : 0.74509803921568629
  },
  "Ansi 2 Color" : {
    "Red Component" : 0.70980392156862748,
    "Color Space" : "sRGB",
    "Blue Component" : 0.40784313725490196,
    "Green Component" : 0.74117647058823533
  },
  "Use Canonical Parser" : false,
  "Background Image Is Tiled" : false,
  "Send Code When Idle" : false,
  "ASCII Anti Aliased" : true,
  "Ansi 9 Color" : {
    "Red Component" : 0.80000000000000004,
    "Color Space" : "sRGB",
    "Blue Component" : 0.40000000000000002,
    "Green Component" : 0.40000000000000002
  },
  "Tags" : [

  ],
  "Use Bold Font" : true,
  "Silence Bell" : true,
  "Ansi 12 Color" : {
    "Red Component" : 0.50588235294117645,
    "Color Space" : "sRGB",
    "Blue Component" : 0.74509803921568629,
    "Green Component" : 0.63529411764705879
  },
  "Window Type" : 5,
  "Allow Title Reporting" : false,
  "Use Bright Bold" : false,
  "Cursor Text Color" : {
    "Red Component" : 0.11372549019607843,
    "Color Space" : "sRGB",
    "Blue Component" : 0.12941176470588237,
    "Green Component" : 0.12156862745098039
  },
  "Default Bookmark" : "No",
  "Cursor Color" : {
    "Red Component" : 0.77254901960784317,
    "Color Space" : "sRGB",
    "Blue Component" : 0.77647058823529413,
    "Green Component" : 0.78431372549019607
  },
  "Disable Smcup Rmcup" : false,
  "Name" : "Default",
  "Guid" : "509C803B-081E-4859-9883-09270455A63C",
  "Blinking Cursor" : true,
  "Ansi 1 Color" : {
    "Red Component" : 0.80000000000000004,
    "Color Space" : "sRGB",
    "Blue Component" : 0.40000000000000002,
    "Green Component" : 0.40000000000000002
  },
  "Idle Code" : 0,
  "Ansi 10 Color" : {
    "Red Component" : 0.70980392156862748,
    "Color Space" : "sRGB",
    "Blue Component" : 0.40784313725490196,
    "Green Component" : 0.74117647058823533
  },
  "Ansi 8 Color" : {
    "Red Component" : 0.58823529411764708,
    "Color Space" : "sRGB",
    "Blue Component" : 0.58823529411764708,
    "Green Component" : 0.59607843137254901
  },
  "Badge Color" : {
    "Red Component" : 1,
    "Color Space" : "Calibrated",
    "Blue Component" : 0,
    "Alpha Component" : 0.5,